ticker,sector,model,fold,test_start,test_end,rmse,mae,dir_acc,up_rate
AAPL,tech,zero,0,2016-01-05,2016-04-05,0.01879887263369516,0.013638922399714887,,0.5555555555555556
AAPL,tech,train_mean,0,2016-01-05,2016-04-05,0.018786097960910034,0.013586368414162154,0.5555555555555556,0.5555555555555556
AAPL,tech,last_return,0,2016-01-05,2016-04-05,0.027988767086432317,0.020807392566735267,0.4444444444444444,0.5555555555555556
AAPL,tech,rolling_mean_20,0,2016-01-05,2016-04-05,0.01891493027294682,0.014014784878984088,0.5555555555555556,0.5555555555555556
AAPL,tech,arima_101,0,2016-01-05,2016-04-05,0.01883287944980518,0.01360051355628531,0.49206349206349204,0.5555555555555556
AAPL,tech,zero,1,2016-04-06,2016-07-05,0.014855026591234942,0.010565222733315364,,0.47619047619047616
AAPL,tech,train_mean,1,2016-04-06,2016-07-05,0.01493631268816442,0.010588738782990706,0.47619047619047616,0.47619047619047616
AAPL,tech,last_return,1,2016-04-06,2016-07-05,0.017589465644079216,0.013641066050673337,0.5238095238095238,0.47619047619047616
AAPL,tech,rolling_mean_20,1,2016-04-06,2016-07-05,0.015797707624971544,0.011325900496742229,0.49206349206349204,0.47619047619047616
AAPL,tech,arima_101,1,2016-04-06,2016-07-05,0.014896752808946987,0.010568586652417005,0.49206349206349204,0.47619047619047616
AAPL,tech,zero,2,2016-07-06,2016-10-03,0.013980052383227885,0.009315121890803614,,0.5396825396825397
AAPL,tech,train_mean,2,2016-07-06,2016-10-03,0.013923439937613831,0.009291227575685419,0.5396825396825397,0.5396825396825397
AAPL,tech,last_return,2,2016-07-06,2016-10-03,0.017848537028602816,0.012115106035175193,0.5238095238095238,0.5396825396825397
AAPL,tech,rolling_mean_20,2,2016-07-06,2016-10-03,0.014205776292284564,0.00998557458972301,0.4126984126984127,0.5396825396825397
AAPL,tech,arima_101,2,2016-07-06,2016-10-03,0.01386211596418978,0.009270916376892754,0.5238095238095238,0.5396825396825397
AAPL,tech,zero,3,2016-10-04,2017-01-03,0.009753742474241697,0.007061794799394322,,0.5396825396825397
AAPL,tech,train_mean,3,2016-10-04,2017-01-03,0.009736897956151585,0.0070255564628103695,0.5396825396825397,0.5396825396825397
AAPL,tech,last_return,3,2016-10-04,2017-01-03,0.013707026211523227,0.010572840988626125,0.5483870967741935,0.5396825396825397
AAPL,tech,rolling_mean_20,3,2016-10-04,2017-01-03,0.009945890175286598,0.00729774102881545,0.5079365079365079,0.5396825396825397
AAPL,tech,arima_101,3,2016-10-04,2017-01-03,0.009751868131439342,0.007077546986821616,0.5079365079365079,0.5396825396825397
AAPL,tech,zero,4,2017-01-04,2017-04-04,0.009981459195764894,0.0056614126585297605,,0.6349206349206349
AAPL,tech,train_mean,4,2017-01-04,2017-04-04,0.009822343206137443,0.005554749727320974,0.6349206349206349,0.6349206349206349
AAPL,tech,last_return,4,2017-01-04,2017-04-04,0.014328614833522593,0.008875117126420497,0.4603174603174603,0.6349206349206349
AAPL,tech,rolling_mean_20,4,2017-01-04,2017-04-04,0.009532317257418196,0.005787757113887961,0.6349206349206349,0.6349206349206349
AAPL,tech,arima_101,4,2017-01-04,2017-04-04,0.00985501270999558,0.005605914906820625,0.6031746031746031,0.6349206349206349
AAPL,tech,zero,5,2017-04-05,2017-07-05,0.011556621271363133,0.008170657524613092,,0.4603174603174603
AAPL,tech,train_mean,5,2017-04-05,2017-07-05,0.011575711882964293,0.008231068505949912,0.4603174603174603,0.4603174603174603
AAPL,tech,last_return,5,2017-04-05,2017-07-05,0.01661737808697979,0.012688638340635723,0.36507936507936506,0.4603174603174603
AAPL,tech,rolling_mean_20,5,2017-04-05,2017-07-05,0.011859680769309402,0.00836730721508699,0.5079365079365079,0.4603174603174603
AAPL,tech,arima_101,5,2017-04-05,2017-07-05,0.011595268868078162,0.008300203103131596,0.4603174603174603,0.4603174603174603
AAPL,tech,zero,6,2017-07-06,2017-10-03,0.011701143159800913,0.008869149708167025,,0.5714285714285714
AAPL,tech,train_mean,6,2017-07-06,2017-10-03,0.011655703051355496,0.008798392918753804,0.5714285714285714,0.5714285714285714
AAPL,tech,last_return,6,2017-07-06,2017-10-03,0.016190417141199554,0.011598643942007837,0.5873015873015873,0.5714285714285714
AAPL,tech,rolling_mean_20,6,2017-07-06,2017-10-03,0.011882966449793225,0.008757546194877968,0.5396825396825397,0.5714285714285714
AAPL,tech,arima_101,6,2017-07-06,2017-10-03,0.01164375907577507,0.008766481478038957,0.5396825396825397,0.5714285714285714
AAPL,tech,zero,7,2017-10-04,2018-01-03,0.011333886092492845,0.008264483727573328,,0.5238095238095238
AAPL,tech,train_mean,7,2017-10-04,2018-01-03,0.011250215727047612,0.008286882212664028,0.5238095238095238,0.5238095238095238
AAPL,tech,last_return,7,2017-10-04,2018-01-03,0.014722583636588476,0.011990100646553006,0.46774193548387094,0.5238095238095238
AAPL,tech,rolling_mean_20,7,2017-10-04,2018-01-03,0.011550939417241057,0.008775319435768293,0.4126984126984127,0.5238095238095238
AAPL,tech,arima_101,7,2017-10-04,2018-01-03,0.011204720037736987,0.008304752100369345,0.49206349206349204,0.5238095238095238
AAPL,tech,zero,8,2018-01-04,2018-04-05,0.016686206107691785,0.012416725375362883,,0.47619047619047616
AAPL,tech,train_mean,8,2018-01-04,2018-04-05,0.016696117892581342,0.01246543621098047,0.47619047619047616,0.47619047619047616
AAPL,tech,last_return,8,2018-01-04,2018-04-05,0.02316054159107836,0.01626037385636544,0.5396825396825397,0.47619047619047616
AAPL,tech,rolling_mean_20,8,2018-01-04,2018-04-05,0.01746350720562889,0.013057198539041122,0.4444444444444444,0.47619047619047616
AAPL,tech,arima_101,8,2018-01-04,2018-04-05,0.0166631768059982,0.012410192053007703,0.5396825396825397,0.47619047619047616
AAPL,tech,zero,9,2018-04-06,2018-07-05,0.013420488646177064,0.009568328373031246,,0.5079365079365079
AAPL,tech,train_mean,9,2018-04-06,2018-07-05,0.013378094766365013,0.009562417569687556,0.5079365079365079,0.5079365079365079
AAPL,tech,last_return,9,2018-04-06,2018-07-05,0.017043009882002493,0.013545825089004893,0.49206349206349204,0.5079365079365079
AAPL,tech,rolling_mean_20,9,2018-04-06,2018-07-05,0.013779980994139976,0.010109317797064797,0.42857142857142855,0.5079365079365079
AAPL,tech,arima_101,9,2018-04-06,2018-07-05,0.013353376243429992,0.009568520221445857,0.5079365079365079,0.5079365079365079
AAPL,tech,zero,10,2018-07-06,2018-10-03,0.013229941502912642,0.009605936030121434,,0.6666666666666666
AAPL,tech,train_mean,10,2018-07-06,2018-10-03,0.013056054015129766,0.009397684436975329,0.6666666666666666,0.6666666666666666
AAPL,tech,last_return,10,2018-07-06,2018-10-03,0.016952499987870108,0.01244578802030156,0.5873015873015873,0.6666666666666666
AAPL,tech,rolling_mean_20,10,2018-07-06,2018-10-03,0.013184729623687915,0.009425038018772423,0.6349206349206349,0.6666666666666666
AAPL,tech,arima_101,10,2018-07-06,2018-10-03,0.012991178212667263,0.0093511756753208,0.6507936507936508,0.6666666666666666
AAPL,tech,zero,11,2018-10-04,2019-01-04,0.02946086196293349,0.022442931337319002,,0.4126984126984127
AAPL,tech,train_mean,11,2018-10-04,2019-01-04,0.02966952863122985,0.02259707701715003,0.4126984126984127,0.4126984126984127
AAPL,tech,last_return,11,2018-10-04,2019-01-04,0.043200676958218165,0.033760044823408705,0.4603174603174603,0.4126984126984127
AAPL,tech,rolling_mean_20,11,2018-10-04,2019-01-04,0.0295600104467253,0.022948418249569703,0.5079365079365079,0.4126984126984127
AAPL,tech,arima_101,11,2018-10-04,2019-01-04,0.029761466617286056,0.022646917626919536,0.47619047619047616,0.4126984126984127
AAPL,tech,zero,12,2019-01-07,2019-04-05,0.015148104743599943,0.010773517670500384,,0.6825396825396826
AAPL,tech,train_mean,12,2019-01-07,2019-04-05,0.015005213208841793,0.010597301552482266,0.6825396825396826,0.6825396825396826
AAPL,tech,last_return,12,2019-01-07,2019-04-05,0.021619129329652997,0.015321010790382329,0.5555555555555556,0.6825396825396826
AAPL,tech,rolling_mean_20,12,2019-01-07,2019-04-05,0.015485931290792312,0.010916874011768322,0.5873015873015873,0.6825396825396826
AAPL,tech,arima_101,12,2019-01-07,2019-04-05,0.01499736674684835,0.010594007614121433,0.6666666666666666,0.6825396825396826
AAPL,tech,zero,13,2019-04-08,2019-07-08,0.016420989531713486,0.011926747601680993,,0.4603174603174603
AAPL,tech,train_mean,13,2019-04-08,2019-07-08,0.01642211042630591,0.012011679149223626,0.4603174603174603,0.4603174603174603
AAPL,tech,last_return,13,2019-04-08,2019-07-08,0.023174817957403535,0.01677451213659789,0.5396825396825397,0.4603174603174603
AAPL,tech,rolling_mean_20,13,2019-04-08,2019-07-08,0.017171301309322578,0.012599551302146848,0.47619047619047616,0.4603174603174603
AAPL,tech,arima_101,13,2019-04-08,2019-07-08,0.016439061586108757,0.012035668372609231,0.4444444444444444,0.4603174603174603
AAPL,tech,zero,14,2019-07-09,2019-10-04,0.017184703872996476,0.013120461768611182,,0.5555555555555556
AAPL,tech,train_mean,14,2019-07-09,2019-10-04,0.017118851942495086,0.013067612596399363,0.5555555555555556,0.5555555555555556
AAPL,tech,last_return,14,2019-07-09,2019-10-04,0.02548194413264612,0.019968740576708423,0.4444444444444444,0.5555555555555556
AAPL,tech,rolling_mean_20,14,2019-07-09,2019-10-04,0.017420668025007524,0.013294870288960762,0.47619047619047616,0.5555555555555556
AAPL,tech,arima_101,14,2019-07-09,2019-10-04,0.017143614388311426,0.013120266519787148,0.5555555555555556,0.5555555555555556
AAPL,tech,zero,15,2019-10-07,2020-01-06,0.011509984389377836,0.009008550158983612,,0.6349206349206349
AAPL,tech,train_mean,15,2019-10-07,2020-01-06,0.011257241233522225,0.008843624599439468,0.6349206349206349,0.6349206349206349
AAPL,tech,last_return,15,2019-10-07,2020-01-06,0.015397596577820005,0.012679734845943908,0.5238095238095238,0.6349206349206349
AAPL,tech,rolling_mean_20,15,2019-10-07,2020-01-06,0.010946077332724083,0.008871907154696499,0.6349206349206349,0.6349206349206349
AAPL,tech,arima_101,15,2019-10-07,2020-01-06,0.01123984508726397,0.008843004858949252,0.6349206349206349,0.6349206349206349
AAPL,tech,zero,16,2020-01-07,2020-04-06,0.04316426245479741,0.03022962120952843,,0.4444444444444444
AAPL,tech,train_mean,16,2020-01-07,2020-04-06,0.04321234926835735,0.03034094493293724,0.4444444444444444,0.4444444444444444
AAPL,tech,last_return,16,2020-01-07,2020-04-06,0.07186920239348532,0.0512377828005893,0.36507936507936506,0.4444444444444444
AAPL,tech,rolling_mean_20,16,2020-01-07,2020-04-06,0.04413185318774098,0.030508468096148728,0.5873015873015873,0.4444444444444444
AAPL,tech,arima_101,16,2020-01-07,2020-04-06,0.043582276989754,0.030602311789803823,0.4444444444444444,0.4444444444444444
AAPL,tech,zero,17,2020-04-07,2020-07-07,0.01863430082423513,0.014907277322543091,,0.6190476190476191
AAPL,tech,train_mean,17,2020-04-07,2020-07-07,0.018426761743712692,0.014753430317630304,0.6190476190476191,0.6190476190476191
AAPL,tech,last_return,17,2020-04-07,2020-07-07,0.02976271648073417,0.022864088742934687,0.3709677419354839,0.6190476190476191
AAPL,tech,rolling_mean_20,17,2020-04-07,2020-07-07,0.018715320721879963,0.01468680767338059,0.5873015873015873,0.6190476190476191
AAPL,tech,arima_101,17,2020-04-07,2020-07-07,0.01829124184638729,0.014451608586086639,0.6031746031746031,0.6190476190476191
AAPL,tech,zero,18,2020-07-08,2020-10-05,0.028649788011705913,0.021325653976788317,,0.6031746031746031
AAPL,tech,train_mean,18,2020-07-08,2020-10-05,0.028551796496324087,0.021148159691354133,0.6031746031746031,0.6031746031746031
AAPL,tech,last_return,18,2020-07-08,2020-10-05,0.04043237179307857,0.03283196807114304,0.4444444444444444,0.6031746031746031
AAPL,tech,rolling_mean_20,18,2020-07-08,2020-10-05,0.029228703252582006,0.021829964557250486,0.5396825396825397,0.6031746031746031
AAPL,tech,arima_101,18,2020-07-08,2020-10-05,0.028595575588707272,0.02131860887540105,0.5238095238095238,0.6031746031746031
AAPL,tech,zero,19,2020-10-06,2021-01-05,0.021246013720733044,0.015636725924265883,,0.49206349206349204
AAPL,tech,train_mean,19,2020-10-06,2021-01-05,0.021181197879573205,0.015706251539502718,0.49206349206349204,0.49206349206349204
AAPL,tech,last_return,19,2020-10-06,2021-01-05,0.03258806337384794,0.02465742390431631,0.42857142857142855,0.49206349206349204
AAPL,tech,rolling_mean_20,19,2020-10-06,2021-01-05,0.02166569482428681,0.016387019403528783,0.4603174603174603,0.49206349206349204
AAPL,tech,arima_101,19,2020-10-06,2021-01-05,0.02097258111829393,0.015528312956315434,0.5714285714285714,0.49206349206349204
AAPL,tech,zero,20,2021-01-06,2021-04-07,0.020413114097610346,0.015940345411322714,,0.49206349206349204
AAPL,tech,train_mean,20,2021-01-06,2021-04-07,0.020455820484911524,0.015956393452353855,0.49206349206349204,0.49206349206349204
AAPL,tech,last_return,20,2021-01-06,2021-04-07,0.029213148217696532,0.023080573999840377,0.49206349206349204,0.49206349206349204
AAPL,tech,rolling_mean_20,20,2021-01-06,2021-04-07,0.02091089562500899,0.01627466536639338,0.49206349206349204,0.49206349206349204
AAPL,tech,arima_101,20,2021-01-06,2021-04-07,0.020495296913321834,0.016064877346860025,0.47619047619047616,0.49206349206349204
AAPL,tech,zero,21,2021-04-08,2021-07-07,0.013372162025010396,0.010876417234604117,,0.5396825396825397
AAPL,tech,train_mean,21,2021-04-08,2021-07-07,0.013263919546872999,0.010827733452832276,0.5396825396825397,0.5396825396825397
AAPL,tech,last_return,21,2021-04-08,2021-07-07,0.020057365675135223,0.01589804784356359,0.49206349206349204,0.5396825396825397
AAPL,tech,rolling_mean_20,21,2021-04-08,2021-07-07,0.01331901746900017,0.01074777284235145,0.5873015873015873,0.5396825396825397
AAPL,tech,arima_101,21,2021-04-08,2021-07-07,0.013137423864742287,0.010715354550285263,0.5555555555555556,0.5396825396825397
AAPL,tech,zero,22,2021-07-08,2021-10-05,0.013005643822968184,0.010157672852459878,,0.5238095238095238
AAPL,tech,train_mean,22,2021-07-08,2021-10-05,0.013071557474745997,0.010130325684003114,0.5238095238095238,0.5238095238095238
AAPL,tech,last_return,22,2021-07-08,2021-10-05,0.01881511356295923,0.01536473910358958,0.4603174603174603,0.5238095238095238
AAPL,tech,rolling_mean_20,22,2021-07-08,2021-10-05,0.013655699681893011,0.01075357169801617,0.4603174603174603,0.5238095238095238
AAPL,tech,arima_101,22,2021-07-08,2021-10-05,0.013074921739421026,0.009906432515308008,0.5873015873015873,0.5238095238095238
AAPL,tech,zero,23,2021-10-06,2022-01-04,0.01537083148537246,0.011699830932031653,,0.5714285714285714
AAPL,tech,train_mean,23,2021-10-06,2022-01-04,0.015158199478567393,0.011605577628804317,0.5714285714285714,0.5714285714285714
AAPL,tech,last_return,23,2021-10-06,2022-01-04,0.021449993518261413,0.01603418998625558,0.5396825396825397,0.5714285714285714
AAPL,tech,rolling_mean_20,23,2021-10-06,2022-01-04,0.015723531831807323,0.012261894581734243,0.5555555555555556,0.5714285714285714
AAPL,tech,arima_101,23,2021-10-06,2022-01-04,0.015209084375579558,0.011729826977272194,0.5555555555555556,0.5714285714285714
AAPL,tech,zero,24,2022-01-05,2022-04-05,0.01876904342249127,0.014941106409668017,,0.4603174603174603
AAPL,tech,train_mean,24,2022-01-05,2022-04-05,0.01881973337761887,0.015054742455400082,0.4603174603174603,0.4603174603174603
AAPL,tech,last_return,24,2022-01-05,2022-04-05,0.023198799034182375,0.017986149942536816,0.6507936507936508,0.4603174603174603
AAPL,tech,rolling_mean_20,24,2022-01-05,2022-04-05,0.019522515413529038,0.015203279013034397,0.4603174603174603,0.4603174603174603
AAPL,tech,arima_101,24,2022-01-05,2022-04-05,0.019191045114663335,0.015469418265992985,0.3968253968253968,0.4603174603174603
AAPL,tech,zero,25,2022-04-06,2022-07-07,0.02573176450244669,0.02074309540794352,,0.5079365079365079
AAPL,tech,train_mean,25,2022-04-06,2022-07-07,0.02586075113810086,0.020727191724320908,0.5079365079365079,0.5079365079365079
AAPL,tech,last_return,25,2022-04-06,2022-07-07,0.03822889692756074,0.031834786954645505,0.4032258064516129,0.5079365079365079
AAPL,tech,rolling_mean_20,25,2022-04-06,2022-07-07,0.02635929221090636,0.02184353991242967,0.4444444444444444,0.5079365079365079
AAPL,tech,arima_101,25,2022-04-06,2022-07-07,0.02577551732225628,0.020489369858636315,0.6031746031746031,0.5079365079365079
AAPL,tech,zero,26,2022-07-08,2022-10-05,0.019452851893635752,0.01491308343722497,,0.47619047619047616
AAPL,tech,train_mean,26,2022-07-08,2022-10-05,0.019472452284435404,0.01497498745371222,0.47619047619047616,0.47619047619047616
AAPL,tech,last_return,26,2022-07-08,2022-10-05,0.027975101973833245,0.021306989943072337,0.49206349206349204,0.47619047619047616
AAPL,tech,rolling_mean_20,26,2022-07-08,2022-10-05,0.019596320589669175,0.01564342625789706,0.49206349206349204,0.47619047619047616
AAPL,tech,arima_101,26,2022-07-08,2022-10-05,0.01949397027677428,0.015034063668450162,0.3968253968253968,0.47619047619047616
AAPL,tech,zero,27,2022-10-06,2023-01-05,0.025040243574962803,0.018909516949097437,,0.42857142857142855
AAPL,tech,train_mean,27,2022-10-06,2023-01-05,0.025142496466148315,0.019038689682061325,0.42857142857142855,0.42857142857142855
AAPL,tech,last_return,27,2022-10-06,2023-01-05,0.03676225437939448,0.02755050056902291,0.47619047619047616,0.42857142857142855
AAPL,tech,rolling_mean_20,27,2022-10-06,2023-01-05,0.025397816697762532,0.019276009997544367,0.42857142857142855,0.42857142857142855
AAPL,tech,arima_101,27,2022-10-06,2023-01-05,0.02508022601066708,0.01920444460789665,0.4126984126984127,0.42857142857142855
AAPL,tech,zero,28,2023-01-06,2023-04-06,0.014754387010427632,0.0122786198042419,,0.6349206349206349
AAPL,tech,train_mean,28,2023-01-06,2023-04-06,0.014537357548303455,0.012075246787156862,0.6349206349206349,0.6349206349206349
AAPL,tech,last_return,28,2023-01-06,2023-04-06,0.02022132376823703,0.01691119922456309,0.47619047619047616,0.6349206349206349
AAPL,tech,rolling_mean_20,28,2023-01-06,2023-04-06,0.01542650918133445,0.012624131613617142,0.5555555555555556,0.6349206349206349
AAPL,tech,arima_101,28,2023-01-06,2023-04-06,0.014599813475747868,0.012040819727336427,0.6031746031746031,0.6349206349206349
AAPL,tech,zero,29,2023-04-10,2023-07-10,0.011577223149433545,0.008205711856346751,,0.49206349206349204
AAPL,tech,train_mean,29,2023-04-10,2023-07-10,0.011444075259566372,0.008264568534603828,0.49206349206349204,0.49206349206349204
AAPL,tech,last_return,29,2023-04-10,2023-07-10,0.016556217576885406,0.012552597040939766,0.5,0.49206349206349204
AAPL,tech,rolling_mean_20,29,2023-04-10,2023-07-10,0.01168694178712599,0.008768207289945946,0.49206349206349204,0.49206349206349204
AAPL,tech,arima_101,29,2023-04-10,2023-07-10,0.011416165711722314,0.00827690132988342,0.5396825396825397,0.49206349206349204
