ticker,model,folds,pct_diff,folds_beat_base,p_ttest,p_wilcoxon,p_wilcoxon_holm,p_ttest_holm
CL=F,arima_101,30,0.18259873445426883,12,0.5731658395204073,0.31839608028531075,1.0,1.0
CL=F,last_return,30,41.59342310400862,0,3.398527417323014e-10,1.862645149230957e-09,3.725290298461914e-08,6.797054834646029e-09
CL=F,lstm,30,0.5578456813830661,9,0.11671812305353706,0.15188691951334476,1.0,1.0
CL=F,rolling_mean_20,30,2.118054734550443,4,2.5105703426462784e-06,3.2391399145126343e-06,4.2108818888664246e-05,3.263741445440162e-05
CL=F,zero,30,-0.09477604138067626,18,0.03314524279512397,0.08406547829508781,0.8406547829508781,0.39774291354148766
CVX,arima_101,30,0.38819847511286854,10,0.10907378000654251,0.017453668639063835,0.20944402366876602,1.0
CVX,last_return,30,45.53198116247755,0,3.738960759986762e-07,1.862645149230957e-09,3.725290298461914e-08,5.2345450639814665e-06
CVX,lstm,30,0.15528446105171542,11,0.07042044481686739,0.052263347432017326,0.5748968217521906,0.7746248929855413
CVX,rolling_mean_20,30,2.5799331452543792,2,1.608624259861146e-07,1.30385160446167e-08,1.825392246246338e-07,2.412936389791719e-06
CVX,zero,30,0.009658428133738987,17,0.6816751511677653,0.9032264724373817,1.0,1.0
NG=F,arima_101,30,-0.06373596459998124,12,0.6591404150474469,0.7000329215079546,1.0,1.0
NG=F,last_return,30,45.72035060888658,0,4.3789841105947046e-10,1.862645149230957e-09,3.725290298461914e-08,7.882171399070468e-09
NG=F,lstm,30,-0.03511241599270156,14,0.836453011646019,0.871207794174552,1.0,1.0
NG=F,rolling_mean_20,30,2.5555346308585323,1,3.5987736065624604e-10,5.587935447692871e-09,8.940696716308594e-08,6.837669852468675e-09
NG=F,zero,30,-0.019348409265090995,15,0.14166986555074249,0.338741784915328,1.0,1.0
XOM,arima_101,30,0.11527870191667504,14,0.27818385711081023,0.4399667661637068,1.0,1.0
XOM,last_return,30,42.08547738105244,0,1.1408213662422493e-09,1.862645149230957e-09,3.725290298461914e-08,1.9393963226118237e-08
XOM,lstm,30,0.39858787896048653,17,0.262648848557977,0.9032264724373817,1.0,1.0
XOM,rolling_mean_20,30,2.271113354345646,2,5.1475196995701845e-09,9.313225746154785e-09,1.3969838619232178e-07,8.236031519312295e-08
XOM,zero,30,-0.02002814710858973,17,0.3094241364437356,0.42795460671186447,1.0,1.0
