ticker,sector,model,rmse,mae,dir_acc,up_rate,rmse_vs_zero
CL=F,crude_futures,arima_101,0.02656341573910673,0.019526682109439898,0.5074074074074074,0.548148148148148,1.0027763791005546
CL=F,crude_futures,last_return,0.03754349569034973,0.02764695806839388,0.4943932411674347,0.548148148148148,1.4172774705220268
CL=F,crude_futures,lstm,0.026662912465903785,0.019541202025981287,0.49470899470899465,0.548148148148148,1.0065324083857126
CL=F,crude_futures,rolling_mean_20,0.0270766018914402,0.019769566536928195,0.5222222222222223,0.548148148148148,1.022149299989034
CL=F,crude_futures,train_mean,0.026514999685240934,0.019458030217669387,0.4883597883597883,0.548148148148148,1.0009486595157422
CL=F,crude_futures,zero,0.026489869818167158,0.019432852560434734,,0.548148148148148,1.0
CVX,oil_gas,arima_101,0.017105597974607176,0.012694703585918208,0.5074074074074074,0.5264550264550264,1.0037850348949169
CVX,oil_gas,last_return,0.02479785074368667,0.018736783218113232,0.4795614984932806,0.5264550264550264,1.455179264181327
CVX,oil_gas,lstm,0.017065910705110352,0.0127000721820848,0.4830687830687831,0.5264550264550264,1.0014561196909064
CVX,oil_gas,rolling_mean_20,0.01747905753164607,0.013035975832648683,0.49288274449564773,0.5264550264550264,1.0257002649295883
CVX,oil_gas,train_mean,0.017039451085326323,0.012664816775383062,0.5243386243386243,0.5264550264550264,0.9999034250462852
CVX,oil_gas,zero,0.017041096828463782,0.012673244866100298,,0.5264550264550264,1.0
NG=F,gas_futures,arima_101,0.035935792859176224,0.02733120231027514,0.5201058201058201,0.5031746031746032,0.9995560385471723
NG=F,gas_futures,last_return,0.052399160458835546,0.03990108829667656,0.47507799406265827,0.5031746031746032,1.4574855063496137
NG=F,gas_futures,lstm,0.03594608551843836,0.027374648951077638,0.5116402116402116,0.5031746031746032,0.9998423294259763
NG=F,gas_futures,rolling_mean_20,0.0368776488157606,0.028311733084397255,0.4869858337600273,0.5031746031746032,1.025753813354446
NG=F,gas_futures,train_mean,0.035958711490802625,0.027380125827896735,0.5052910052910052,0.5031746031746032,1.00019352153599
NG=F,gas_futures,zero,0.035951754052136915,0.027379363892201167,,0.5031746031746032,1.0
XOM,oil_gas,arima_101,0.016628215287250066,0.012823914316967751,0.48783068783068784,0.5126984126984128,1.0013533395390861
XOM,oil_gas,last_return,0.02359907436424693,0.01824065372448152,0.5004864311315924,0.5126984126984128,1.421139401700514
XOM,oil_gas,lstm,0.016675270302726423,0.012858843288478623,0.5031746031746032,0.5126984126984128,1.0041869988389776
XOM,oil_gas,rolling_mean_20,0.016986279342897707,0.013079104205947786,0.5059993172896399,0.5126984126984128,1.0229160046656676
XOM,oil_gas,train_mean,0.01660906856860374,0.01281955258707764,0.508994708994709,0.5126984126984128,1.0002003215917894
XOM,oil_gas,zero,0.016605742079917447,0.012822619157769674,,0.5126984126984128,1.0
